user_id,recs2
1.0,"[940947, 940947, 940947, 1029743, 1098248]"
6.0,"[1024306, 1024306, 1024306, 1024306, 1082185]"
7.0,"[1029743, 1082185, 1082185, 916122, 1126899]"
8.0,"[1029743, 1029743, 1068719, 872137, 5569230]"
9.0,"[1029743, 1082185, 1106523, 5569230, 1070820]"
13.0,"[1029743, 1029743, 1029743, 1029743, 1106523]"
15.0,"[1082185, 976199, 872137, 1098248, 1029743]"
17.0,"[1029743, 1082185, 1068719, 948670, 979707]"
18.0,"[1126899, 1070820, 971922, 1029743, 1137775]"
19.0,"[1004906, 899624, 1029743, 1029743, 1029743]"
20.0,"[1126899, 1126899, 1126899, 1126899, 1126899]"
22.0,"[1029743, 1082185, 1082185, 1082185, 1082185]"
24.0,"[1029743, 986912, 1106523, 1044078, 926905]"
27.0,"[1102416, 1102416, 1102416, 1102416, 1102416]"
30.0,"[1022254, 1029743, 1106523, 916122, 1044078]"
31.0,"[1029743, 1070820, 1070820, 1126899, 901062]"
36.0,"[1126899, 1029743, 1029743, 1029743, 1070820]"
37.0,"[1029743, 8090537, 8090521, 1106523, 1097001]"
39.0,"[1029743, 1126899, 916122, 9835509, 857503]"
40.0,"[1106523, 854852, 6034857, 6034857, 916122]"
41.0,"[909714, 909714, 909714, 909714, 909714]"
46.0,"[866211, 1029743, 1029743, 1029743, 1029743]"
47.0,"[852856, 1029743, 916122, 5569230, 844179]"
49.0,"[1029743, 5569471, 844179, 916122, 1126899]"
52.0,"[1029743, 857503, 857503, 857503, 1082185]"
56.0,"[940947, 940947, 1029743, 979707, 979707]"
57.0,"[986912, 986912, 1029743, 1106523, 5569230]"
58.0,"[916122, 1106523, 1127831, 1127831, 1127831]"
65.0,"[986912, 1029743, 1070820, 916122, 1106523]"
67.0,"[1029743, 1029743, 1029743, 1126899, 1070820]"
68.0,"[1029743, 1029743, 1029743, 1106523, 5569230]"
69.0,"[866211, 854405, 1068719, 1068719, 1044078]"
72.0,"[1029743, 854852, 979707, 916122, 8090537]"
74.0,"[986912, 1098248, 1029743, 965267, 1106523]"
77.0,"[1070820, 1029743, 1106523, 1106523, 1106523]"
78.0,"[1082185, 1029743, 1106523, 878996, 866211]"
79.0,"[1029743, 1070820, 916122, 1126899, 866211]"
80.0,"[1029743, 1029743, 916122, 878996, 866211]"
81.0,"[986912, 1106523, 910673, 1025611, 1044078]"
82.0,"[916122, 1029743, 1044078, 844179, 1106523]"
84.0,"[1075368, 1029743, 5569230, 916122, 1070820]"
86.0,"[948670, 1082185, 5569230, 1029743, 8090521]"
88.0,"[1075368, 1075368, 1075368, 1075368, 1068719]"
94.0,"[1082185, 1029743, 1106523, 916122, 1044078]"
95.0,"[1029743, 1029743, 1029743, 1106523, 1070820]"
98.0,"[1029743, 1106523, 834117, 913210, 1091858]"
99.0,"[1029743, 1029743, 1029743, 1126899, 854852]"
101.0,"[1106523, 1106523, 1106523, 1106523, 1029743]"
104.0,"[1029743, 1029743, 1029743, 1106523, 5568378]"
108.0,"[1082185, 1127831, 1029743, 878996, 866211]"
109.0,"[916122, 1029743, 1126899, 1127831, 6034857]"
110.0,"[1068719, 1082185, 1106523, 1044078, 1029743]"
113.0,"[916122, 1126899, 1070820, 1070820, 1070820]"
114.0,"[1029743, 1029743, 1029743, 919534, 951197]"
115.0,"[1029743, 1106523, 8090521, 957951, 8090532]"
116.0,"[976199, 1029743, 1106523, 1044078, 5569471]"
117.0,"[1029743, 913210, 948670, 1068719, 1022254]"
118.0,"[1082185, 1082185, 1082185, 1082185, 986912]"
119.0,"[940947, 1029743, 866211, 1112238, 1127831]"
125.0,"[1029743, 1029743, 1029743, 1029743, 1029743]"
127.0,"[1029743, 1029743, 1106523, 1106523, 1106523]"
128.0,"[866211, 1105488, 1082185, 1082185, 1082185]"
131.0,"[1106523, 1029743, 1070820, 1126899, 1082185]"
132.0,"[854852, 854852, 916122, 1044078, 6034857]"
133.0,"[1082185, 1082185, 1029743, 916122, 1127831]"
139.0,"[1029743, 1127831, 866211, 866211, 986912]"
144.0,"[1068719, 1106523, 1029743, 1044078, 999779]"
147.0,"[1029743, 1106523, 916122, 5569230, 1044078]"
149.0,"[1040807, 933835, 1101010, 1132771, 1087102]"
159.0,"[916122, 1029743, 1044078, 1106523, 844179]"
161.0,"[957951, 10149640, 935527, 935527, 935527]"
162.0,"[1029743, 1122358, 957951, 916122, 1128016]"
164.0,"[1029743, 1029743, 1068719, 1068719, 1106523]"
165.0,"[916122, 976199, 1070820, 844179, 1029743]"
166.0,"[1106523, 1029743, 1029743, 1029743, 1029743]"
171.0,"[1029743, 1106523, 916122, 1044078, 844179]"
178.0,"[1075368, 933835, 933835, 1029743, 1106523]"
180.0,"[1029743, 1082185, 1106523, 5569230, 1044078]"
184.0,"[1056509, 991223, 1046756, 979707, 844179]"
189.0,"[986912, 1029743, 1106523, 1132771, 1101010]"
192.0,"[1029743, 1029743, 1029743, 1106523, 940947]"
194.0,"[1082185, 1029743, 1106523, 916122, 866211]"
195.0,"[1029743, 916122, 12810393, 874972, 857503]"
197.0,"[1029743, 1126899, 866211, 916122, 1070820]"
198.0,"[1029743, 1106523, 1106523, 1068719, 5569230]"
201.0,"[1029743, 854852, 6034857, 6034857, 6034857]"
205.0,"[1082185, 916122, 1106523, 1029743, 1026118]"
207.0,"[1029743, 854852, 976199, 976199, 1082185]"
208.0,"[1029743, 1106523, 916122, 872137, 872137]"
209.0,"[1029743, 1106523, 1106523, 1082185, 916122]"
210.0,"[1068719, 1022254, 1044078, 1106523, 844179]"
211.0,"[901062, 1029743, 1106523, 844179, 856942]"
214.0,"[1022097, 852856, 912704, 1070820, 1029743]"
215.0,"[916122, 1029743, 1126899, 1044078, 844179]"
216.0,"[986912, 890610, 1029743, 993638, 1070820]"
217.0,"[1029743, 986912, 986912, 844179, 5569230]"
218.0,"[894439, 1029743, 1029743, 1029743, 916122]"
219.0,"[854852, 1127831, 1127831, 1127831, 1127831]"
220.0,"[1068719, 1029743, 1126899, 916122, 844179]"
221.0,"[1029743, 1106523, 1082185, 1130452, 1130452]"
222.0,"[866211, 866211, 878996, 916122, 1105488]"
223.0,"[986912, 1029743, 1044078, 1106523, 899624]"
224.0,"[916122, 1106523, 1029743, 5569230, 1044078]"
227.0,"[1029743, 1106523, 916122, 1070820, 844179]"
228.0,"[986912, 1082185, 1029743, 5569471, 1126899]"
232.0,"[1029743, 1029743, 1106523, 1075368, 1068719]"
235.0,"[1029743, 986912, 872137, 976199, 976199]"
238.0,"[1075368, 948670, 948670, 1029743, 1106523]"
239.0,"[986912, 1029743, 1106523, 916122, 1044078]"
243.0,"[6034857, 6034857, 6034857, 6034857, 6034857]"
245.0,"[1029743, 1106523, 1082185, 1044078, 916122]"
247.0,"[1082185, 1082185, 1082185, 1082185, 1029743]"
248.0,"[1029743, 1106523, 1082185, 1082185, 940947]"
249.0,"[1106523, 1029743, 1029743, 1029743, 1029743]"
250.0,"[1029743, 1029743, 1029743, 1029743, 844179]"
253.0,"[1044078, 1044078, 1044078, 5568378, 1029743]"
256.0,"[1075368, 1075368, 1075368, 990797, 1029743]"
257.0,"[1122358, 1082185, 1106523, 1029743, 1025611]"
260.0,"[1082185, 1029743, 1106523, 916122, 5569230]"
262.0,"[1132771, 1040807, 1040807, 1043751, 933835]"
263.0,"[1106523, 1081177, 1081177, 1081177, 1029743]"
269.0,"[1029743, 1106523, 1106523, 1068719, 5569230]"
273.0,"[1106523, 1106523, 1106523, 1106523, 1029743]"
275.0,"[1106523, 1106523, 1106523, 1106523, 1106523]"
276.0,"[1029743, 1029743, 1106523, 5569230, 1044078]"
277.0,"[986912, 1029743, 1106523, 1044078, 916122]"
279.0,"[1029743, 1029743, 844179, 1044078, 916122]"
280.0,"[1106523, 1106523, 1029743, 12731544, 1044078]"
281.0,"[1029743, 854852, 854852, 854852, 6034857]"
282.0,"[979707, 1126899, 1029743, 916122, 5569471]"
283.0,"[1029743, 940947, 933835, 916122, 1070820]"
285.0,"[1044078, 844179, 844179, 1029743, 1106523]"
287.0,"[916122, 986912, 1082185, 1082185, 1106523]"
288.0,"[1029743, 1082185, 1082185, 1082185, 951412]"
289.0,"[1029743, 866211, 872137, 976199, 909714]"
290.0,"[1106523, 1029743, 1029743, 1013928, 1013928]"
293.0,"[916122, 854852, 1022254, 979707, 979707]"
294.0,"[1029743, 1029743, 1106523, 1106523, 1106523]"
297.0,"[1106523, 1044078, 1044078, 1029743, 1029743]"
301.0,"[986912, 1029743, 1024306, 971922, 1087102]"
302.0,"[957951, 1029743, 916122, 1106523, 5569230]"
304.0,"[1029743, 1029743, 1029743, 1106523, 1106523]"
306.0,"[1029743, 916122, 1068719, 901062, 1022254]"
314.0,"[1029743, 990797, 916122, 1106523, 844179]"
321.0,"[1029743, 1056509, 1056509, 1056509, 1056509]"
324.0,"[1127831, 1029743, 979707, 1082185, 1082185]"
326.0,"[1013928, 1029743, 8090521, 5569230, 1106523]"
328.0,"[872137, 976199, 979707, 1070820, 1070820]"
329.0,"[1029743, 1127831, 1127831, 1127831, 866211]"
332.0,"[1029743, 1070820, 1106523, 1126899, 1068719]"
334.0,"[1082185, 1029743, 1070820, 878996, 5569230]"
335.0,"[1082185, 1106523, 1029743, 854852, 5569230]"
338.0,"[1082185, 1137688, 1106523, 1044078, 1029743]"
345.0,"[916122, 1029743, 1029743, 1029743, 1004906]"
346.0,"[986912, 1029743, 1029743, 1029743, 1029743]"
348.0,"[1029743, 1029743, 1106523, 1082185, 1082185]"
350.0,"[986912, 1029743, 1106523, 1044078, 844179]"
351.0,"[1106523, 1106523, 1106523, 1068719, 1029743]"
353.0,"[1029743, 1127831, 866211, 866211, 866211]"
354.0,"[5568378, 910032, 1029743, 12810393, 933835]"
356.0,"[1013928, 863762, 1029743, 1075368, 1106523]"
357.0,"[1082185, 1029743, 1126899, 916122, 866211]"
358.0,"[976199, 976199, 872137, 872137, 1029743]"
361.0,"[844179, 844179, 844179, 1044078, 866211]"
362.0,"[1029743, 986912, 890610, 878996, 930118]"
365.0,"[1082185, 854852, 965267, 878996, 930118]"
367.0,"[986912, 1029743, 852856, 1022097, 1022097]"
371.0,"[916122, 866211, 866211, 909714, 1068719]"
374.0,"[1029743, 1029743, 1029743, 986912, 1082185]"
376.0,"[999270, 999270, 986912, 944534, 1044078]"
377.0,"[1029743, 1029743, 1029743, 1106523, 1022254]"
380.0,"[899624, 1004906, 1004906, 1004906, 1106523]"
384.0,"[1029743, 1126899, 5569471, 916122, 1070820]"
385.0,"[933835, 1087102, 1087102, 883003, 6034857]"
387.0,"[916122, 5569471, 1126899, 985999, 6034857]"
389.0,"[857503, 1126899, 1126899, 1126899, 1126899]"
390.0,"[1075368, 1029743, 986912, 5569230, 1106523]"
392.0,"[872137, 916122, 916122, 995965, 951412]"
393.0,"[1029743, 1029743, 1106523, 916122, 1075368]"
394.0,"[1082185, 1029743, 1106523, 986912, 916122]"
395.0,"[986912, 1029743, 5569230, 1106523, 916122]"
396.0,"[1029743, 879031, 879031, 879031, 916122]"
397.0,"[1029743, 1126899, 1128016, 933835, 5568729]"
400.0,"[5569230, 1029743, 1029743, 1029743, 1029743]"
401.0,"[916122, 1029743, 986912, 1127758, 993638]"
402.0,"[1127831, 1029743, 916122, 1106523, 1044078]"
405.0,"[986912, 948670, 1029743, 1018740, 1043751]"
406.0,"[1082185, 1029743, 1106523, 916122, 878996]"
408.0,"[1127831, 1127831, 1029743, 5569230, 1106523]"
409.0,"[1029743, 1106523, 979707, 1098248, 1082185]"
410.0,"[1068719, 1082185, 1029743, 1106523, 1044078]"
411.0,"[1106523, 1106523, 1106523, 1106523, 1029743]"
412.0,"[986912, 1082185, 1029743, 1106523, 1044078]"
413.0,"[986912, 986912, 1082185, 1082185, 1082185]"
414.0,"[940947, 8090537, 1029743, 916122, 844179]"
417.0,"[1082185, 1029743, 878996, 1106523, 866211]"
418.0,"[1029743, 1029743, 1029743, 1029743, 1051211]"
424.0,"[1029743, 1106523, 1082185, 976199, 872137]"
425.0,"[1106523, 1029743, 916122, 1004906, 1044078]"
426.0,"[1022254, 1022254, 1029743, 1070820, 1126899]"
427.0,"[1082185, 1082185, 1082185, 1082185, 1029743]"
430.0,"[986912, 1082185, 1082185, 1029743, 1106523]"
433.0,"[1082185, 1106523, 1029743, 878996, 965267]"
434.0,"[1029743, 916122, 1044078, 1106523, 1068292]"
437.0,"[1029743, 986912, 948670, 933835, 866211]"
438.0,"[1029743, 1004906, 899624, 899624, 1022254]"
443.0,"[1029743, 899624, 899624, 899624, 1106523]"
448.0,"[1082185, 1029743, 1126899, 916122, 1106523]"
450.0,"[1013928, 1029743, 986912, 1106523, 1044078]"
451.0,"[916122, 1082185, 1082185, 1106523, 1029743]"
454.0,"[1044078, 1029743, 1029743, 1029743, 1029743]"
456.0,"[951197, 919534, 5569230, 5569471, 8090521]"
460.0,"[986912, 1082185, 1082185, 1029743, 1106523]"
462.0,"[986912, 1082185, 1029743, 916122, 844179]"
463.0,"[1082185, 1082185, 1082185, 1106523, 1106523]"
464.0,"[1029743, 1029743, 1029743, 1106523, 844179]"
467.0,"[899624, 899624, 1004906, 1082185, 1024306]"
469.0,"[1029743, 1098248, 1098248, 1098248, 1098248]"
470.0,"[908314, 908314, 908314, 908314, 1106523]"
474.0,"[1068719, 1029743, 1106523, 1044078, 5569230]"
475.0,"[1075368, 1075368, 1029743, 5569230, 8090521]"
480.0,"[1082185, 878996, 1029743, 1070820, 854852]"
484.0,"[1075368, 1029743, 916122, 1126899, 1070820]"
485.0,"[1029743, 1029743, 1029743, 1106523, 1068719]"
489.0,"[986912, 986912, 986912, 986912, 986912]"
490.0,"[951197, 919534, 5569230, 1029743, 8090521]"
491.0,"[1029743, 951412, 951412, 1006184, 1106523]"
493.0,"[1029743, 1029743, 1029743, 1106523, 1093697]"
495.0,"[1029743, 1029743, 5569230, 8090521, 1044078]"
498.0,"[986912, 1029743, 1106523, 916122, 1044078]"
503.0,"[1127831, 878996, 866211, 901062, 1070820]"
510.0,"[916122, 1029743, 1106523, 979707, 979707]"
511.0,"[1106523, 1029743, 1029743, 1029743, 1075368]"
513.0,"[1101010, 933835, 883003, 1087102, 857503]"
514.0,"[1127831, 1127831, 866211, 866211, 1105488]"
517.0,"[979707, 916122, 1126899, 1127831, 1029743]"
518.0,"[986912, 5569230, 1029743, 8090521, 844179]"
523.0,"[1029743, 986912, 986912, 1070820, 916122]"
526.0,"[940947, 871756, 1029743, 5569230, 8090521]"
527.0,"[1042438, 5568378, 1075368, 1138443, 1070820]"
528.0,"[866211, 1029743, 1106523, 916122, 5569230]"
538.0,"[1029743, 1098844, 1098844, 1126899, 1070820]"
539.0,"[916122, 1082185, 1029743, 1106523, 5569230]"
540.0,"[916122, 916122, 916122, 1082185, 1029743]"
542.0,"[919534, 951197, 1106523, 1029743, 1044078]"
543.0,"[940947, 844179, 8090537, 1070702, 890695]"
548.0,"[979707, 916122, 1106523, 1029743, 844179]"
551.0,"[1004906, 872137, 899624, 1022254, 1022254]"
553.0,"[1029743, 1029743, 1029743, 1029743, 1106523]"
554.0,"[1029743, 1106523, 1106523, 1106523, 1106523]"
557.0,"[1082185, 1029743, 1126899, 916122, 5569471]"
560.0,"[1029743, 1029743, 1029743, 1106523, 1024306]"
561.0,"[979707, 1029743, 916122, 874972, 844179]"
567.0,"[986912, 1044078, 1029743, 844179, 916122]"
568.0,"[1044078, 1122358, 1106523, 1106523, 1106523]"
574.0,"[1029743, 1029743, 1029743, 1070820, 1106523]"
575.0,"[1022097, 1029743, 852856, 1106523, 916122]"
577.0,"[1029743, 1056509, 1056509, 1056509, 866211]"
582.0,"[1082185, 5569230, 1029743, 8090521, 8090537]"
586.0,"[1106523, 916122, 1029743, 1029743, 1029743]"
588.0,"[1029743, 1106523, 1106523, 1024306, 919534]"
593.0,"[1082185, 1029743, 1106523, 5569230, 1044078]"
594.0,"[1029743, 1013928, 1068719, 1082185, 8090521]"
595.0,"[1082185, 1029743, 1106523, 1044078, 5569230]"
596.0,"[916122, 1106523, 8090537, 1044078, 899624]"
597.0,"[1029743, 12946027, 1106523, 1082185, 878996]"
598.0,"[834117, 913210, 976199, 1044078, 844179]"
600.0,"[1029743, 1029743, 1029743, 1106523, 5569230]"
605.0,"[1029743, 1070820, 866211, 1127831, 1126899]"
606.0,"[1068719, 1029743, 866211, 1127831, 878996]"
608.0,"[1029743, 1068719, 956902, 1038462, 1038462]"
612.0,"[1068719, 1029743, 8090521, 8090537, 5569230]"
614.0,"[1106523, 1029743, 1029743, 1029743, 1029743]"
615.0,"[948670, 1029743, 1106523, 916122, 1126899]"
618.0,"[1106523, 1029743, 986912, 1082185, 1082185]"
621.0,"[1029743, 933835, 1106523, 1137775, 1018740]"
622.0,"[986912, 1029743, 1106523, 5569230, 8090521]"
624.0,"[1044078, 1106523, 1106523, 1106523, 1029743]"
630.0,"[916122, 1029743, 1106523, 1070820, 976199]"
631.0,"[979707, 979707, 979707, 1033142, 1070820]"
633.0,"[1075368, 1075368, 1075368, 1075368, 8090537]"
636.0,"[899624, 1029743, 1029743, 1029743, 1106523]"
637.0,"[1056509, 1082185, 1106523, 1029743, 1044078]"
638.0,"[866211, 1029743, 1029743, 1029743, 919534]"
641.0,"[916122, 854852, 866211, 1070820, 1070820]"
644.0,"[916122, 979707, 844179, 1137775, 999858]"
647.0,"[1029743, 1029743, 1029743, 1029743, 1029743]"
648.0,"[1127831, 1082185, 1029743, 1126899, 916122]"
653.0,"[1075368, 1004906, 854852, 854852, 854852]"
655.0,"[1068719, 1029743, 1106523, 1044078, 844179]"
656.0,"[1029743, 838186, 854852, 8090440, 9881593]"
660.0,"[1029743, 7466252, 1087102, 1138443, 971922]"
661.0,"[986912, 986912, 986912, 986912, 8090537]"
663.0,"[1082185, 1082185, 1075368, 8090537, 8090521]"
667.0,"[976199, 872137, 1029743, 1106523, 1044078]"
669.0,"[1082185, 1082185, 1082185, 1082185, 1022254]"
670.0,"[1029743, 1029743, 1029743, 1082185, 1106523]"
671.0,"[1029743, 1029743, 1106523, 1044078, 899624]"
672.0,"[1082185, 1029743, 5569230, 1044078, 844179]"
674.0,"[866211, 1004906, 1122358, 1122358, 916122]"
675.0,"[1022254, 1044078, 1106523, 965766, 1029743]"
676.0,"[844179, 1044078, 1044078, 1044078, 1044078]"
681.0,"[1029743, 940947, 890695, 850102, 907631]"
685.0,"[1015539, 1015539, 1044078, 844179, 1097398]"
686.0,"[1082185, 1029743, 1106523, 1044078, 916122]"
687.0,"[919534, 919534, 951197, 951197, 1106523]"
690.0,"[976199, 872137, 986912, 1106523, 5569230]"
692.0,"[916122, 986912, 849202, 910473, 1029743]"
693.0,"[916122, 999858, 854852, 5569471, 844179]"
695.0,"[1068719, 1126899, 1127831, 866211, 878996]"
696.0,"[1070820, 1126899, 1126899, 1126899, 1126899]"
699.0,"[899624, 899624, 899624, 1004906, 852856]"
701.0,"[1029743, 1068719, 1106523, 844179, 5569230]"
702.0,"[1029743, 1029743, 1106523, 1082185, 1082185]"
703.0,"[916122, 940947, 883003, 1087102, 1138443]"
705.0,"[1029743, 1029743, 1029743, 1106523, 866211]"
706.0,"[916122, 1029743, 5569230, 5569471, 834117]"
707.0,"[1029743, 1029743, 1029743, 1029743, 1029743]"
708.0,"[1029743, 1106523, 1127831, 878996, 866211]"
709.0,"[1106523, 1106523, 1029743, 1075368, 12810393]"
712.0,"[854852, 872137, 872137, 1022254, 899624]"
714.0,"[1044078, 844179, 844179, 1029743, 1106523]"
715.0,"[933835, 883003, 1101010, 1087102, 986912]"
718.0,"[957951, 1029743, 6034857, 1106523, 916122]"
719.0,"[1082185, 1029743, 1106523, 1040807, 1132771]"
722.0,"[916122, 916122, 1029743, 1082185, 1082185]"
723.0,"[1082185, 1029743, 1126899, 916122, 866211]"
725.0,"[1029743, 1106523, 1044078, 844179, 1004906]"
732.0,"[1029743, 1106523, 1070820, 1126899, 5569471]"
733.0,"[1082185, 5569471, 1106523, 5569230, 1029743]"
734.0,"[1029743, 1029743, 1137688, 916122, 1106523]"
735.0,"[1082185, 1106523, 1029743, 5569230, 1044078]"
736.0,"[1029743, 1029743, 1029743, 1029743, 1106523]"
737.0,"[1082185, 1098248, 979707, 1029743, 1106523]"
740.0,"[878996, 878996, 1127831, 866211, 866211]"
741.0,"[916122, 1098248, 1068719, 1029743, 844179]"
744.0,"[916122, 872137, 1068719, 5569471, 844179]"
745.0,"[6034857, 854852, 854852, 854852, 1022254]"
750.0,"[1082185, 1029743, 1106523, 916122, 1044078]"
752.0,"[986912, 844179, 1044078, 916122, 1029743]"
753.0,"[1029743, 1029743, 1106523, 1082185, 1082185]"
754.0,"[1029743, 901062, 909714, 1082185, 1126899]"
761.0,"[1029743, 1029743, 1029743, 1029743, 1106523]"
762.0,"[986912, 986912, 852856, 1022097, 1068719]"
764.0,"[1029743, 1029743, 1029743, 1029743, 1029743]"
766.0,"[951412, 1029743, 1022254, 1022254, 1098844]"
768.0,"[1029743, 1029743, 1029743, 1029743, 1029743]"
769.0,"[1082185, 1029743, 1106523, 1044078, 916122]"
771.0,"[933835, 933835, 933835, 6034857, 6034857]"
772.0,"[1082185, 1029743, 1106523, 916122, 1044078]"
773.0,"[1082185, 1029743, 916122, 1126899, 5569230]"
776.0,"[1082185, 1044078, 1029743, 1106523, 844179]"
781.0,"[1029743, 854405, 854405, 872137, 872137]"
784.0,"[951412, 5569230, 1029743, 1106523, 5569471]"
785.0,"[1029743, 1106523, 1082185, 1126899, 878996]"
786.0,"[1004906, 1029743, 899624, 1040807, 819978]"
787.0,"[1079528, 1079528, 1079528, 1079528, 1079528]"
788.0,"[916122, 8090537, 8090521, 1044078, 1106523]"
790.0,"[7410321, 1029743, 1050851, 8090537, 890695]"
793.0,"[1068719, 1029743, 5569230, 1106523, 916122]"
798.0,"[1029743, 1126899, 916122, 866211, 1070820]"
799.0,"[1082185, 1029743, 1126899, 916122, 866211]"
800.0,"[916122, 897954, 1029743, 995965, 995965]"
801.0,"[1068719, 1082185, 872137, 1029743, 916122]"
805.0,"[916122, 916122, 982469, 949023, 949023]"
806.0,"[1029743, 1082185, 1082185, 986912, 878996]"
807.0,"[1029743, 1029743, 1029743, 6034857, 6034857]"
813.0,"[951412, 1051516, 1029743, 916122, 5569230]"
817.0,"[1126899, 1070820, 1070820, 1070820, 1070820]"
818.0,"[1029743, 1029743, 1029743, 916122, 1106523]"
820.0,"[1075368, 1106523, 8090537, 8090521, 5569230]"
824.0,"[1029743, 1106523, 1106523, 1106523, 1106523]"
825.0,"[6034857, 854852, 854852, 1029743, 1098844]"
829.0,"[1082185, 1029743, 1132771, 1018740, 1040807]"
831.0,"[1029743, 940947, 916122, 916122, 874972]"
836.0,"[1075368, 1029743, 1126899, 1106523, 5585510]"
838.0,"[919766, 1029743, 1106523, 1044078, 916122]"
840.0,"[916122, 1029743, 1029743, 1029743, 825994]"
841.0,"[1106523, 1029743, 1044078, 844179, 916122]"
842.0,"[1044078, 916122, 916122, 1029743, 1029743]"
843.0,"[1106523, 1029743, 1029743, 1029743, 1082185]"
844.0,"[1127831, 1127831, 1127831, 1127831, 1029743]"
845.0,"[1029743, 8090532, 5569471, 8090536, 1126899]"
846.0,"[866211, 1029743, 8090521, 5569230, 8090537]"
847.0,"[1029743, 1106523, 1068719, 1082185, 1082185]"
849.0,"[872137, 855202, 855202, 855202, 916122]"
853.0,"[951412, 951412, 6602729, 6602729, 6602729]"
855.0,"[1029743, 1029743, 1029743, 1029743, 1029743]"
856.0,"[1029743, 1029743, 986912, 1106523, 1004906]"
857.0,"[1029743, 838186, 1110244, 885697, 1042438]"
859.0,"[1075368, 1075368, 1075368, 1075368, 1075368]"
863.0,"[916122, 949023, 1029743, 1106523, 1044078]"
864.0,"[933835, 933835, 1004906, 1004906, 1029743]"
865.0,"[866211, 1029743, 1106523, 5569230, 1044078]"
866.0,"[1044078, 844179, 844179, 1106523, 1106523]"
867.0,"[1106523, 1029743, 986912, 1082185, 1070820]"
871.0,"[866211, 1029743, 1105488, 1105488, 1105488]"
873.0,"[1029743, 1029743, 1122358, 1122358, 1106523]"
875.0,"[1082185, 1029743, 5569471, 1126899, 878996]"
878.0,"[986912, 1022254, 1044078, 910673, 1025611]"
882.0,"[1029743, 1106523, 1106523, 1106523, 1106523]"
883.0,"[857503, 857503, 951412, 1022254, 1022254]"
888.0,"[1029743, 1029743, 1029743, 1029743, 1029743]"
889.0,"[1029743, 5568378, 1128016, 983316, 983316]"
891.0,"[866211, 866211, 866211, 854405, 854405]"
893.0,"[1029743, 1106523, 1106523, 1106523, 822178]"
894.0,"[1082185, 1029743, 1106523, 878996, 866211]"
895.0,"[866211, 866211, 866211, 866211, 866211]"
896.0,"[1029743, 1082185, 1127831, 1126899, 878996]"
898.0,"[854852, 916122, 1106523, 6034857, 1127831]"
900.0,"[986912, 986912, 986912, 986912, 986912]"
901.0,"[1106523, 1029743, 1044078, 844179, 899624]"
906.0,"[1082185, 1082185, 1082185, 878996, 1122358]"
907.0,"[986912, 986912, 986912, 986912, 986912]"
908.0,"[916122, 916122, 916122, 1029743, 1029743]"
909.0,"[872137, 999858, 916122, 913210, 5569230]"
910.0,"[940947, 940947, 1029743, 1106523, 916122]"
911.0,"[854852, 1029743, 951412, 1004906, 6034857]"
915.0,"[1029743, 1106523, 1068719, 1068719, 1044078]"
916.0,"[1075368, 1075368, 1029743, 5569230, 916122]"
920.0,"[1106523, 1106523, 1106523, 1106523, 1029743]"
922.0,"[1029743, 1098248, 1126899, 916122, 1127831]"
925.0,"[1082185, 1082185, 1082185, 1082185, 1029743]"
928.0,"[866211, 1105488, 1006342, 1029743, 916122]"
929.0,"[1029743, 1070820, 1070820, 1070820, 1070820]"
931.0,"[1029743, 1029743, 5568378, 933835, 1122358]"
932.0,"[1106523, 1106523, 1029743, 1082185, 5569230]"
933.0,"[1044078, 1068719, 1106523, 1029743, 5569230]"
934.0,"[916122, 1004906, 899624, 899624, 1029743]"
936.0,"[1075368, 1029743, 1029743, 1029743, 1106523]"
937.0,"[1029743, 1126899, 1070820, 916122, 839419]"
939.0,"[1106523, 1106523, 1029743, 1029743, 1044078]"
942.0,"[1015539, 1015539, 1015539, 1015539, 1015539]"
944.0,"[866211, 866211, 1127831, 1127831, 1127831]"
945.0,"[1029743, 1029743, 1029743, 1106523, 866211]"
946.0,"[1082185, 1082185, 1029743, 878996, 866211]"
949.0,"[940947, 916122, 844179, 1029743, 8090521]"
951.0,"[1029743, 1029743, 1029743, 919766, 1106523]"
953.0,"[1029743, 1029743, 1029743, 1029743, 1029743]"
954.0,"[1029743, 1082185, 1106523, 916122, 1044078]"
956.0,"[986912, 986912, 986912, 986912, 986912]"
957.0,"[1127758, 12946027, 8090537, 1106523, 832678]"
959.0,"[1029743, 1106523, 1082185, 878996, 916122]"
968.0,"[916122, 916122, 916122, 1075368, 1029743]"
971.0,"[1029743, 1075368, 1075368, 1075368, 866211]"
972.0,"[1029743, 1106523, 916122, 5569230, 1044078]"
973.0,"[866211, 1105488, 1119405, 1029743, 1080853]"
975.0,"[1006184, 995965, 995965, 995965, 995965]"
976.0,"[1127831, 1127831, 1127831, 1127831, 1029743]"
978.0,"[1029743, 1106523, 1082185, 1082185, 1070820]"
979.0,"[1122358, 1029743, 1029743, 1029743, 1029743]"
982.0,"[1070820, 866211, 866211, 1004906, 1004906]"
983.0,"[1075368, 1075368, 1029743, 8090521, 5569230]"
985.0,"[1029743, 1029743, 1068719, 844179, 916122]"
987.0,"[986912, 1029743, 5569230, 916122, 844179]"
989.0,"[916122, 1004906, 899624, 899624, 986912]"
992.0,"[901062, 1029743, 1106523, 916122, 1126899]"
996.0,"[1029743, 1106523, 986912, 1018740, 1043751]"
998.0,"[871756, 854852, 1082185, 5569230, 1044078]"
999.0,"[1029743, 1029743, 986912, 1106523, 5569230]"
1000.0,"[986912, 986912, 986912, 986912, 986912]"
1002.0,"[1082185, 1098248, 1029743, 1106523, 866211]"
1010.0,"[852856, 986912, 1029743, 916122, 1126899]"
1014.0,"[1098248, 878996, 866211, 1106523, 1004906]"
1015.0,"[1082185, 1070820, 1126899, 878996, 1029743]"
1016.0,"[866211, 866211, 1126899, 5569471, 1029743]"
1017.0,"[1068719, 1029743, 8090537, 8090521, 5569230]"
1019.0,"[1082185, 1106523, 1029743, 986912, 5569230]"
1020.0,"[1126899, 1004906, 1004906, 899624, 1070820]"
1023.0,"[986912, 852856, 957736, 1022097, 866211]"
1024.0,"[940947, 1082185, 8090521, 1012587, 983584]"
1025.0,"[1106523, 1029743, 8090521, 8090537, 5569230]"
1027.0,"[1022254, 1029743, 1106523, 1044078, 844179]"
1029.0,"[883003, 12810393, 1087102, 933835, 1127831]"
1032.0,"[1029743, 1106523, 916122, 1044078, 1126899]"
1039.0,"[1029743, 1029743, 1029743, 5569230, 1040807]"
1040.0,"[1075368, 1075368, 1075368, 1075368, 1075368]"
1041.0,"[1106523, 1106523, 1029743, 1029743, 1068719]"
1042.0,"[916122, 1029743, 933835, 971922, 985999]"
1045.0,"[1029743, 1029743, 1029743, 1029743, 1029743]"
1046.0,"[1029743, 1127831, 878996, 866211, 1126899]"
1050.0,"[1044078, 1106523, 1106523, 1106523, 844179]"
1051.0,"[1082185, 1082185, 1082185, 1029743, 1106523]"
1053.0,"[986912, 1098844, 979707, 979707, 1110409]"
1055.0,"[1068719, 1029743, 5569230, 986912, 1106523]"
1056.0,"[1013928, 1106523, 1059902, 871756, 1038663]"
1057.0,"[1110409, 899257, 899257, 899257, 899257]"
1058.0,"[986912, 1044078, 1029743, 1106523, 910673]"
1061.0,"[1025611, 1025611, 899624, 899624, 1029743]"
1064.0,"[1029743, 1126899, 916122, 866211, 1127831]"
1065.0,"[1029743, 1044078, 844179, 1106523, 916122]"
1067.0,"[1075368, 1075368, 1075368, 1075368, 1075368]"
1070.0,"[1029743, 1098248, 844179, 866211, 1127831]"
1072.0,"[1068719, 1068719, 1082185, 1082185, 1082185]"
1073.0,"[1029743, 1082185, 1082185, 1126899, 916122]"
1074.0,"[1029743, 1029743, 1029743, 940947, 1042438]"
1077.0,"[1029743, 1106523, 5569230, 1044078, 844179]"
1078.0,"[1106523, 1106523, 866211, 1029743, 854852]"
1081.0,"[916122, 1106523, 1004906, 899624, 899624]"
1082.0,"[1029743, 1106523, 1106523, 1106523, 1044078]"
1083.0,"[1022254, 1029743, 1106523, 1044078, 844179]"
1085.0,"[1029743, 916122, 844179, 1044078, 933835]"
1094.0,"[1029743, 1029743, 1106523, 1070820, 986912]"
1096.0,"[1082185, 1029743, 1106523, 916122, 866211]"
1097.0,"[866211, 6602697, 1106523, 5569230, 1081177]"
1098.0,"[1106523, 5585510, 5585510, 5585510, 5585510]"
1102.0,"[1022254, 1082185, 872137, 1029743, 986912]"
1103.0,"[1029743, 1070820, 1126899, 866211, 878996]"
1104.0,"[986912, 1029743, 1112238, 961979, 993638]"
1106.0,"[1082185, 1029743, 1106523, 916122, 1044078]"
1107.0,"[1082185, 1029743, 1126899, 1106523, 916122]"
1109.0,"[1029743, 1004906, 1022254, 899624, 854852]"
1110.0,"[1029743, 1075368, 5569230, 8090521, 1070820]"
1111.0,"[1026118, 1081177, 5585510, 1082185, 1082185]"
1113.0,"[1029743, 1029743, 1082185, 1106523, 1022254]"
1119.0,"[940947, 1029743, 844179, 1044078, 5569230]"
1121.0,"[1029743, 1029743, 1106523, 872137, 872137]"
1123.0,"[979707, 1029743, 854852, 5569230, 866211]"
1125.0,"[1082185, 1082185, 1082185, 1029743, 1106523]"
1126.0,"[1082185, 1082185, 1126899, 1029743, 839419]"
1128.0,"[986912, 1029743, 1106523, 916122, 866211]"
1130.0,"[899624, 1004906, 1022254, 1068719, 986912]"
1131.0,"[1029743, 1106523, 916122, 1044078, 844179]"
1133.0,"[1082185, 1029743, 1106523, 878996, 866211]"
1134.0,"[1029743, 1106523, 1082185, 948670, 1070820]"
1136.0,"[1029743, 1106523, 1106523, 1106523, 1044078]"
1137.0,"[935527, 935527, 935527, 935527, 924667]"
1140.0,"[916122, 1029743, 1106523, 1044078, 844179]"
1142.0,"[916122, 916122, 916122, 993638, 882826]"
1145.0,"[986912, 1106523, 1044078, 1029743, 8090537]"
1146.0,"[1106523, 1106523, 1106523, 1106523, 1068719]"
1147.0,"[940947, 1106523, 1029743, 1044078, 5569230]"
1149.0,"[1082185, 1029743, 1106523, 986912, 1044078]"
1151.0,"[916122, 6602697, 1106523, 1029743, 1044078]"
1154.0,"[1106523, 1106523, 1106523, 1106523, 1106523]"
1158.0,"[1106523, 1106523, 1029743, 5569230, 8090537]"
1159.0,"[1082185, 1082185, 1082185, 5569471, 1029743]"
1160.0,"[1044078, 1106523, 1106523, 1029743, 844179]"
1163.0,"[1068719, 1029743, 844179, 916122, 1044078]"
1164.0,"[1082185, 1082185, 948670, 1093571, 1070820]"
1166.0,"[1070820, 1126899, 1029743, 1029743, 1029743]"
1167.0,"[866211, 866211, 1029743, 901062, 1082185]"
1168.0,"[1029743, 1106523, 916122, 1044078, 5569230]"
1169.0,"[899624, 933835, 1022254, 1022254, 1044078]"
1172.0,"[1075368, 1037840, 1068719, 1029743, 1106523]"
1175.0,"[1029743, 1044259, 944836, 916122, 985999]"
1178.0,"[1029743, 1106523, 979707, 5569230, 1070820]"
1179.0,"[933835, 933835, 1087102, 883003, 1029743]"
1180.0,"[1122358, 1044078, 1029743, 910673, 1025611]"
1182.0,"[1068719, 1029743, 1106523, 1044078, 5569230]"
1185.0,"[1068719, 1106523, 1029743, 1044078, 916122]"
1186.0,"[1127831, 1024306, 1098844, 1098844, 1098844]"
1187.0,"[1068719, 990797, 990797, 1038462, 1038462]"
1188.0,"[1029743, 1106523, 1056509, 1044078, 844179]"
1189.0,"[916122, 1082185, 1137688, 1106523, 1029743]"
1190.0,"[1075368, 1029743, 5569230, 8090521, 8090537]"
1191.0,"[1029743, 5569230, 8090521, 916122, 8090537]"
1195.0,"[940947, 1029743, 1106523, 5569230, 1075368]"
1196.0,"[913210, 834117, 1082185, 1029743, 1126899]"
1197.0,"[1029743, 1029743, 1029743, 1042438, 951197]"
1203.0,"[1029743, 1106523, 5568378, 866211, 965766]"
1204.0,"[986912, 1029743, 1106523, 1044078, 844179]"
1205.0,"[1106523, 1029743, 1029743, 1029743, 1029743]"
1206.0,"[1106523, 1029743, 1029743, 940947, 1044078]"
1209.0,"[986912, 1029743, 1106523, 916122, 1044078]"
1211.0,"[896862, 8065410, 8065410, 8065410, 999270]"
1215.0,"[986912, 1029743, 916122, 1126899, 1106523]"
1224.0,"[916122, 1068719, 1029743, 986912, 1106523]"
1225.0,"[1068719, 1029743, 1106523, 916122, 5569230]"
1226.0,"[916122, 916122, 1029743, 940947, 1068719]"
1228.0,"[986912, 1004906, 1106523, 1106523, 1106523]"
1229.0,"[854852, 951412, 1022097, 1081177, 1106523]"
1231.0,"[1082185, 1082185, 1029743, 1106523, 878996]"
1238.0,"[1068719, 844179, 916122, 5569230, 1018740]"
1239.0,"[940947, 1029743, 8090537, 8090521, 1106523]"
1240.0,"[6034857, 6034857, 854852, 1127831, 1081177]"
1245.0,"[1029743, 1106523, 854852, 916122, 6034857]"
1246.0,"[1082185, 1126899, 1127831, 866211, 1029743]"
1247.0,"[916122, 916122, 901062, 866211, 883003]"
1248.0,"[1029743, 1068719, 1136043, 8090521, 5569230]"
1256.0,"[866211, 1105488, 1082185, 1082185, 979707]"
1259.0,"[1082185, 1029743, 1106523, 5569471, 986912]"
1260.0,"[1106523, 1127831, 1127831, 1127831, 1024306]"
1261.0,"[986912, 852856, 1082185, 1082185, 1022097]"
1264.0,"[1075368, 839419, 5585510, 1012587, 1051323]"
1265.0,"[1082185, 1029743, 5569230, 1106523, 8090521]"
1267.0,"[916122, 1029743, 1126899, 1106523, 986912]"
1269.0,"[1029743, 1106523, 1068719, 979707, 844179]"
1270.0,"[1082185, 1098844, 1022254, 1106523, 1029743]"
1271.0,"[1029743, 1029743, 1029743, 1029743, 1127831]"
1272.0,"[872137, 916122, 916122, 974766, 974766]"
1273.0,"[1082185, 1029743, 1106523, 916122, 1044078]"
1274.0,"[940947, 1070820, 1070820, 1070820, 1070820]"
1277.0,"[1106523, 1106523, 1106523, 1029743, 1037840]"
1279.0,"[916122, 1106523, 1044078, 1000753, 844179]"
1282.0,"[1044078, 1004906, 899624, 899624, 899624]"
1285.0,"[12810393, 916122, 1029743, 1106523, 1106523]"
1287.0,"[1029743, 1106523, 1024306, 1042438, 844179]"
1289.0,"[1029743, 1029743, 1106523, 5569230, 8090521]"
1290.0,"[1127758, 1058214, 1029743, 1106523, 1044078]"
1291.0,"[854852, 854852, 1082185, 6034857, 1106523]"
1293.0,"[1044078, 1044078, 1044078, 1044078, 844179]"
1294.0,"[1068719, 1126899, 878996, 916122, 1029743]"
1295.0,"[1029743, 1029743, 1029743, 1106523, 8090521]"
1297.0,"[1106523, 1029743, 1029743, 951412, 1082185]"
1299.0,"[899624, 899624, 5569230, 1070820, 1029743]"
1300.0,"[1029743, 1070820, 1106523, 1106523, 1106523]"
1303.0,"[1029743, 1029743, 940947, 5569230, 866211]"
1305.0,"[1106523, 1106523, 1029743, 8090521, 8090537]"
1306.0,"[916122, 1106523, 1029743, 1044078, 844179]"
1307.0,"[1082185, 1029743, 1106523, 986912, 854852]"
1314.0,"[1029743, 1029743, 1029743, 976199, 976199]"
1316.0,"[1029743, 1029743, 1068719, 1106523, 1070820]"
1318.0,"[979707, 1068719, 872137, 1029743, 1022254]"
1321.0,"[916122, 870547, 1106523, 1029743, 1044078]"
1324.0,"[1029743, 1106523, 866211, 866211, 1068719]"
1325.0,"[951412, 14106445, 1137688, 1082185, 1051516]"
1326.0,"[899624, 899624, 1029743, 1029743, 1029743]"
1328.0,"[1082185, 1082185, 957951, 1029743, 1106523]"
1329.0,"[986912, 866211, 1098248, 1029743, 844179]"
1332.0,"[986912, 979707, 1029743, 916122, 1106523]"
1333.0,"[1126899, 1126899, 1126899, 1126899, 1126899]"
1336.0,"[883003, 883003, 883003, 916122, 916122]"
1337.0,"[940947, 1029743, 1029743, 1029743, 986912]"
1346.0,"[1127831, 1029743, 866211, 878996, 1126899]"
1347.0,"[1106523, 1029743, 949023, 5569230, 1044078]"
1351.0,"[986912, 1029743, 1106523, 5569230, 1044078]"
1352.0,"[872137, 1022254, 1004906, 1004906, 916122]"
1353.0,"[1029743, 1106523, 1068719, 1068719, 5569230]"
1354.0,"[1029743, 1106523, 1042438, 916122, 866211]"
1357.0,"[1056509, 1029743, 1070820, 5569230, 1106523]"
1358.0,"[1029743, 1106523, 1070820, 1126899, 1082185]"
1366.0,"[1029743, 933835, 1087102, 1087102, 1138443]"
1367.0,"[1029743, 1070820, 1126899, 1126899, 1126899]"
1368.0,"[1029743, 844179, 1044078, 916122, 866211]"
1369.0,"[1082185, 1082185, 1082185, 1098248, 979707]"
1370.0,"[844179, 844179, 844179, 844179, 844179]"
1372.0,"[1082185, 1029743, 1106523, 1040807, 5569230]"
1374.0,"[986912, 1022254, 1106523, 1044078, 844179]"
1376.0,"[1029743, 1029743, 1056509, 1068719, 1004906]"
1378.0,"[6034857, 6552318, 6552318, 6552318, 6552318]"
1379.0,"[1070820, 1081177, 1106523, 854852, 1029743]"
1384.0,"[1051211, 1029743, 1106523, 1044078, 844179]"
1385.0,"[1068719, 1022254, 1022254, 1037863, 871756]"
1389.0,"[1029743, 866211, 986912, 878996, 1106523]"
1393.0,"[1127831, 916122, 951412, 901062, 901062]"
1394.0,"[1029743, 872137, 979707, 1004906, 1022254]"
1395.0,"[1029743, 916122, 1106523, 986912, 1126899]"
1397.0,"[1044078, 1106523, 1106523, 1106523, 1106523]"
1399.0,"[1029743, 1082185, 1082185, 916122, 1126899]"
1405.0,"[986912, 1082185, 871756, 871756, 1068719]"
1406.0,"[933835, 1087102, 883003, 1138443, 1138443]"
1407.0,"[1029743, 1029743, 1127831, 1106523, 1126899]"
1409.0,"[1029743, 1106523, 5569230, 916122, 844179]"
1412.0,"[1029743, 1029743, 1029743, 1068719, 1068719]"
1418.0,"[1082185, 1029743, 1070820, 1126899, 916122]"
1419.0,"[1106523, 1106523, 1106523, 1029743, 1044078]"
1424.0,"[1024306, 1024306, 1082185, 1082185, 1082185]"
1427.0,"[986912, 1029743, 1106523, 1044078, 916122]"
1430.0,"[948670, 1040807, 1040807, 1040807, 1137775]"
1440.0,"[1029743, 899624, 899624, 899624, 1004906]"
1445.0,"[916122, 951412, 951412, 951197, 919534]"
1451.0,"[1029743, 1106523, 1068719, 948670, 1082185]"
1452.0,"[1029743, 1029743, 1106523, 1013928, 1013928]"
1453.0,"[6034857, 6034857, 1127831, 1127831, 916122]"
1454.0,"[1029743, 1029743, 1029743, 1029743, 1029743]"
1458.0,"[866211, 872137, 1029743, 916122, 844179]"
1459.0,"[872137, 872137, 844179, 1029743, 1004906]"
1461.0,"[844179, 1029743, 1029743, 1029743, 1029743]"
1462.0,"[1029743, 1022254, 872137, 1104343, 13071902]"
1463.0,"[986912, 5569230, 8090537, 1044078, 844179]"
1467.0,"[1029743, 1106523, 986912, 834117, 913210]"
1470.0,"[1029743, 1029743, 1029743, 1029743, 1106523]"
1473.0,"[866211, 866211, 866211, 1082185, 1070820]"
1475.0,"[1126899, 916122, 916122, 844179, 844179]"
1476.0,"[1070820, 1029743, 999104, 5569230, 872137]"
1479.0,"[1106523, 1075368, 986912, 986912, 1037840]"
1481.0,"[1029743, 1106523, 916122, 844179, 1044078]"
1483.0,"[916122, 1044078, 844179, 8090521, 5569230]"
1484.0,"[1068719, 1098248, 1137688, 916122, 1029743]"
1487.0,"[940947, 940947, 940947, 940947, 1029743]"
1488.0,"[1082185, 1082185, 1082185, 1075368, 1029743]"
1489.0,"[1101010, 5568378, 933835, 933835, 883003]"
1490.0,"[916122, 1029743, 1106523, 1122358, 8090537]"
1491.0,"[1029743, 1106523, 1106523, 1106523, 1106523]"
1492.0,"[1082185, 1068719, 1029743, 1106523, 878996]"
1494.0,"[916122, 1068719, 1068719, 1068719, 1106523]"
1495.0,"[986912, 916122, 1044078, 1106523, 1029743]"
1498.0,"[872137, 1093571, 1029743, 5569471, 1070820]"
1499.0,"[14106445, 14106445, 1029743, 854852, 916122]"
1501.0,"[976199, 951412, 1029743, 857503, 872137]"
1503.0,"[1082185, 1029743, 1106523, 916122, 5569230]"
1505.0,"[1137775, 971922, 971922, 1132771, 1040807]"
1506.0,"[870547, 1044078, 1106523, 844179, 1029743]"
1507.0,"[1068719, 1029743, 1106523, 1044078, 916122]"
1508.0,"[872137, 1029743, 1018740, 971922, 1087102]"
1509.0,"[1029743, 1029743, 1029743, 1029743, 1029743]"
1510.0,"[1106523, 986912, 986912, 986912, 986912]"
1511.0,"[1029743, 1106523, 1106523, 1106523, 1070820]"
1512.0,"[986912, 1029743, 1106523, 5569230, 8090521]"
1514.0,"[866211, 1126899, 1029743, 916122, 839419]"
1517.0,"[1029743, 1106523, 1082185, 940947, 940947]"
1519.0,"[1029743, 1070820, 1070820, 1070820, 1070820]"
1525.0,"[1029743, 1068719, 1068719, 1022254, 1106523]"
1526.0,"[986912, 8090537, 1106523, 1029743, 8090521]"
1527.0,"[866211, 1082185, 1082185, 1106523, 1029743]"
1528.0,"[1029743, 1029743, 1029743, 1029743, 916122]"
1529.0,"[1029743, 899624, 1004906, 916122, 1070820]"
1530.0,"[1082185, 1029743, 999104, 878996, 866211]"
1535.0,"[1068719, 1004906, 910673, 12301100, 1044078]"
1536.0,"[951197, 5569230, 8090521, 916122, 5569471]"
1537.0,"[1082185, 1029743, 5569230, 1106523, 8090521]"
1540.0,"[957951, 1106523, 1029743, 8090521, 8090537]"
1541.0,"[1029743, 1029743, 1029743, 1029743, 1029743]"
1545.0,"[1068719, 1098248, 1029743, 1106523, 5569230]"
1546.0,"[1106523, 1029743, 916122, 1013928, 1044078]"
1548.0,"[1029743, 6034857, 854852, 916122, 844179]"
1549.0,"[986912, 986912, 986912, 986912, 986912]"
1550.0,"[1106523, 1029743, 1082185, 1082185, 1082185]"
1556.0,"[1029743, 1106523, 948670, 1068719, 1068719]"
1557.0,"[1098248, 1082185, 935767, 1106523, 878996]"
1558.0,"[1029743, 5569471, 916122, 844179, 5569230]"
1563.0,"[1029743, 1029743, 916122, 1106523, 951412]"
1566.0,"[1029743, 1004906, 1081177, 940947, 834117]"
1567.0,"[1082185, 1082185, 1082185, 916122, 1098248]"
1568.0,"[1029743, 1082185, 899624, 1044078, 844179]"
1570.0,"[854852, 866211, 6034857, 940947, 979707]"
1574.0,"[1029743, 1044078, 899624, 844179, 916122]"
1575.0,"[1082185, 1082185, 1029743, 1126899, 1070820]"
1577.0,"[1029743, 1029743, 1029743, 5569230, 916122]"
1579.0,"[916122, 916122, 1127831, 1127831, 1127831]"
1580.0,"[916122, 1029743, 1106523, 1044078, 844179]"
1584.0,"[1029743, 1029743, 1106523, 965766, 916122]"
1585.0,"[852856, 1022097, 940947, 912704, 1042438]"
1588.0,"[872137, 1082185, 1082185, 6602697, 1137688]"
1590.0,"[1029743, 854852, 1106523, 6034857, 1026118]"
1591.0,"[866211, 916122, 1068719, 1082185, 1082185]"
1593.0,"[986912, 1029743, 916122, 844179, 5569471]"
1595.0,"[940947, 986912, 8090521, 933835, 916122]"
1596.0,"[1068719, 1029743, 916122, 866211, 1106523]"
1598.0,"[844179, 1004906, 1044078, 1044078, 899624]"
1599.0,"[1068719, 1022254, 1037863, 1044078, 1068292]"
1602.0,"[1029743, 1137688, 1137688, 1082185, 1127831]"
1609.0,"[901062, 872137, 872137, 1057102, 1106523]"
1613.0,"[1029743, 1029743, 1029743, 1068719, 5568378]"
1618.0,"[1029743, 866211, 1106523, 951412, 872137]"
1619.0,"[854852, 6034857, 916122, 1082185, 1082185]"
1620.0,"[1029743, 1106523, 1106523, 1106523, 1106523]"
1621.0,"[1106523, 1106523, 1106523, 1106523, 1106523]"
1622.0,"[1029743, 1029743, 1029743, 1082185, 1082185]"
1624.0,"[986912, 986912, 1082185, 1106523, 5569230]"
1627.0,"[916122, 951412, 1051516, 1137688, 979707]"
1630.0,"[999270, 1106523, 1106523, 1106523, 1106523]"
1631.0,"[844179, 1044078, 1044078, 1044078, 1029743]"
1633.0,"[933835, 1087102, 1040807, 1132771, 1138443]"
1634.0,"[1029743, 1044078, 1044078, 1044078, 1106523]"
1637.0,"[986912, 1029743, 1106523, 916122, 1126899]"
1639.0,"[1029743, 1106523, 8090537, 8090521, 1044078]"
1642.0,"[1106523, 1106523, 1106523, 1029743, 866211]"
1643.0,"[986912, 1029743, 1106523, 1044078, 916122]"
1647.0,"[1082185, 1029743, 1106523, 916122, 1044078]"
1649.0,"[916122, 1127831, 1082185, 1098844, 1029743]"
1650.0,"[940947, 979707, 1135044, 1127831, 1126899]"
1651.0,"[1029743, 1106523, 852856, 1098248, 916122]"
1653.0,"[899624, 899624, 1029743, 1029743, 1029743]"
1656.0,"[986912, 1029743, 1106523, 916122, 1044078]"
1659.0,"[1029743, 1029743, 1029743, 1029743, 1029743]"
1661.0,"[872137, 1082185, 1004906, 1022254, 1029743]"
1662.0,"[916122, 916122, 5569471, 8090536, 6034857]"
1667.0,"[986912, 1029743, 1106523, 916122, 1044078]"
1668.0,"[1068719, 1082185, 1029743, 1106523, 5569230]"
1673.0,"[1013928, 1106523, 899624, 1044078, 844179]"
1676.0,"[1022254, 921406, 962266, 1098844, 1044259]"
1677.0,"[5568378, 5568378, 872137, 1029743, 1029743]"
1679.0,"[1029743, 1106523, 986912, 916122, 1044078]"
1683.0,"[872137, 1029743, 5569471, 5569230, 5569374]"
1685.0,"[1082185, 1029743, 1106523, 5569230, 916122]"
1686.0,"[986912, 1029743, 1106523, 1044078, 916122]"
1687.0,"[1029743, 872137, 1022254, 1068719, 1126899]"
1690.0,"[1082185, 1029743, 1106523, 5569230, 8090537]"
1691.0,"[1029743, 933835, 1101010, 1101010, 883003]"
1693.0,"[916122, 1029743, 1082185, 1082185, 1082185]"
1694.0,"[1106523, 899624, 1029743, 916122, 8090537]"
1698.0,"[1029743, 1082185, 1106523, 878996, 866211]"
1700.0,"[916122, 940947, 1029743, 1106523, 1044078]"
1703.0,"[1106523, 1106523, 1106523, 1106523, 1106523]"
1710.0,"[1106523, 1106523, 1082185, 1082185, 1029743]"
1712.0,"[1082185, 1029743, 1106523, 916122, 1126899]"
1713.0,"[1082185, 1082185, 1029743, 986912, 993638]"
1717.0,"[1029743, 1029743, 1029743, 1029743, 1106523]"
1720.0,"[916122, 916122, 916122, 951197, 919534]"
1722.0,"[1098248, 8090537, 8090521, 8090532, 878996]"
1723.0,"[916122, 1082185, 1051516, 870559, 870559]"
1726.0,"[866211, 866211, 866211, 866211, 1029743]"
1731.0,"[1029743, 1082185, 1082185, 1106523, 916122]"
1732.0,"[1106523, 1029743, 1029743, 1029743, 1029743]"
1733.0,"[986912, 986912, 894439, 894439, 894439]"
1735.0,"[1013928, 951197, 5569230, 1106523, 1029743]"
1737.0,"[1082185, 1082185, 1029743, 1106523, 916122]"
1739.0,"[1029743, 1106523, 1044078, 5569230, 986912]"
1740.0,"[6034857, 6034857, 6034857, 1075368, 1075368]"
1744.0,"[1082185, 1106523, 1029743, 866211, 878996]"
1746.0,"[1029743, 1110244, 885697, 1106523, 5569230]"
1747.0,"[1068719, 1029743, 1106523, 1044078, 5569230]"
1748.0,"[1106523, 1106523, 1106523, 1106523, 1106523]"
1749.0,"[1029743, 5569471, 8090532, 5569230, 1040807]"
1751.0,"[1029743, 1106523, 916122, 5569230, 1075368]"
1752.0,"[1068719, 1022254, 1022254, 1044078, 910673]"
1753.0,"[1075368, 986912, 986912, 986912, 986912]"
1754.0,"[1044078, 844179, 916122, 8090537, 8090521]"
1758.0,"[1082185, 1082185, 1029743, 1127831, 1126899]"
1759.0,"[1029743, 1106523, 1068719, 1126899, 839419]"
1762.0,"[1070820, 866211, 1029743, 1029743, 1029743]"
1763.0,"[1075368, 1082185, 1106523, 5569230, 1029743]"
1764.0,"[916122, 1127831, 1127831, 1127831, 866211]"
1765.0,"[940947, 1029743, 1044078, 916122, 844179]"
1769.0,"[854852, 916122, 6034857, 1040807, 1000753]"
1774.0,"[1029743, 844179, 916122, 1044078, 8090521]"
1775.0,"[866211, 866211, 1029743, 1082185, 1082185]"
1776.0,"[1082185, 878996, 866211, 1127831, 1029743]"
1778.0,"[1029743, 1029743, 1029743, 1106523, 1022254]"
1784.0,"[1082185, 1029743, 916122, 5569230, 866211]"
1785.0,"[1029743, 1106523, 986912, 1082185, 1082185]"
1788.0,"[1106523, 854852, 1081177, 1026118, 1029743]"
1790.0,"[1082185, 1029743, 5569471, 866211, 5569230]"
1791.0,"[916122, 916122, 1029743, 1044078, 844179]"
1792.0,"[1075368, 1075368, 1075368, 1075368, 1075368]"
1794.0,"[1075368, 1029743, 5569230, 1106523, 916122]"
1795.0,"[913210, 834117, 940947, 1029743, 890610]"
1797.0,"[1029743, 944534, 999858, 1070702, 844179]"
1800.0,"[986912, 1029743, 1070820, 916122, 5569230]"
1802.0,"[1127831, 1029743, 1106523, 916122, 9835509]"
1803.0,"[838186, 939860, 939860, 939860, 939860]"
1804.0,"[866211, 1029743, 1029743, 948670, 852856]"
1807.0,"[1098248, 854852, 844179, 965267, 6034857]"
1810.0,"[986912, 1108094, 1106523, 1029743, 849202]"
1812.0,"[916122, 1029743, 878996, 866211, 1106523]"
1814.0,"[1029743, 1106523, 1044078, 916122, 844179]"
1815.0,"[1029743, 1106523, 1082185, 866211, 5569230]"
1817.0,"[1068719, 1029743, 916122, 1106523, 844179]"
1820.0,"[1098248, 1082185, 824813, 1127831, 916122]"
1821.0,"[1029743, 1106523, 1106523, 1106523, 1106523]"
1823.0,"[1126899, 1070820, 1070820, 1070820, 1070820]"
1824.0,"[1029743, 854852, 1106523, 1106523, 1106523]"
1826.0,"[1029743, 1029743, 1029743, 1106523, 1044078]"
1829.0,"[866211, 1029743, 1029743, 1029743, 914753]"
1831.0,"[1126899, 1029743, 1070820, 976199, 976199]"
1835.0,"[1029743, 1029743, 1044259, 1098844, 1082185]"
1837.0,"[1082185, 8090537, 5569230, 8090521, 8090532]"
1839.0,"[1106523, 1106523, 1106523, 1106523, 1029743]"
1841.0,"[899624, 1022254, 1029743, 844179, 854852]"
1843.0,"[1082185, 1029743, 1106523, 5569230, 916122]"
1845.0,"[1029743, 866211, 1127831, 1127831, 986912]"
1848.0,"[986912, 1112238, 1002771, 908318, 999104]"
1849.0,"[1029743, 1029743, 940947, 986912, 1106523]"
1850.0,"[1127831, 866211, 6034857, 854852, 854852]"
1854.0,"[901062, 909714, 913210, 1022254, 979707]"
1856.0,"[1029743, 986912, 986912, 986912, 1106523]"
1858.0,"[1127831, 8119101, 1126899, 866211, 878996]"
1859.0,"[1127831, 1029743, 916122, 1126899, 866211]"
1861.0,"[1068719, 1029743, 1106523, 1044078, 844179]"
1864.0,"[854852, 872137, 951412, 976199, 901062]"
1865.0,"[1106523, 872137, 1029743, 1051211, 1092303]"
1869.0,"[940947, 940947, 1126899, 1029743, 916122]"
1873.0,"[916122, 1075368, 1106523, 1029743, 5569230]"
1875.0,"[986912, 1082185, 1082185, 1029743, 1106523]"
1879.0,"[1040807, 1040807, 1101010, 1101010, 1132771]"
1883.0,"[986912, 8090521, 5569230, 1029743, 1106523]"
1887.0,"[1029743, 1126899, 1106523, 1070820, 878996]"
1890.0,"[1082185, 1126899, 1029743, 916122, 1127831]"
1891.0,"[1082185, 1082185, 1029743, 1126899, 1106523]"
1892.0,"[1013928, 1044078, 1106523, 844179, 1004906]"
1896.0,"[1075368, 1075368, 1082185, 1029743, 916122]"
1899.0,"[1029743, 1029743, 1029743, 1029743, 1029743]"
1900.0,"[1040807, 933835, 1132771, 1132771, 940947]"
1901.0,"[854852, 854852, 854852, 1029743, 1068719]"
1905.0,"[1127831, 1029743, 878996, 1106523, 866211]"
1906.0,"[844179, 844179, 1075368, 1046756, 1046756]"
1907.0,"[1106523, 976199, 976199, 1029743, 872137]"
1914.0,"[894439, 894439, 894439, 894439, 894439]"
1917.0,"[986912, 975085, 975085, 975085, 975085]"
1918.0,"[1082185, 1029743, 916122, 1126899, 1070820]"
1919.0,"[854852, 6034857, 1106523, 1029743, 5569230]"
1920.0,"[1024306, 1082185, 1082185, 1098248, 1137688]"
1921.0,"[1029743, 1029743, 1106523, 1044078, 844179]"
1922.0,"[1082185, 1082185, 1082185, 1082185, 1029743]"
1923.0,"[1029743, 1022254, 1126899, 1127831, 866211]"
1924.0,"[1029743, 1106523, 1070820, 957951, 5569230]"
1925.0,"[1024306, 1082185, 1106523, 866211, 1127831]"
1927.0,"[1044078, 1044078, 1106523, 1106523, 1106523]"
1928.0,"[1029743, 1106523, 1070820, 5569230, 983584]"
1929.0,"[916122, 1024306, 1044078, 1004906, 1029743]"
1935.0,"[1029743, 986912, 998519, 998519, 998519]"
1937.0,"[999104, 999104, 999104, 986912, 986912]"
1939.0,"[916122, 1056509, 1068719, 1068719, 1029743]"
1940.0,"[1082185, 1082185, 878996, 930118, 1127831]"
1942.0,"[916122, 1029743, 1106523, 5569230, 1044078]"
1944.0,"[1126899, 1070820, 1070820, 1070820, 1070820]"
1946.0,"[916122, 1029743, 1126899, 1070820, 5585510]"
1947.0,"[1087102, 971922, 1138443, 933835, 933835]"
1948.0,"[1029743, 1106523, 976199, 872137, 1126899]"
1949.0,"[1068719, 1106523, 1029743, 1044078, 844179]"
1950.0,"[933835, 1068719, 1029743, 1106523, 1044078]"
1951.0,"[1082185, 1029743, 1106523, 916122, 1044078]"
1954.0,"[916122, 1082185, 1082185, 1106523, 1029743]"
1955.0,"[1029743, 1106523, 1042438, 940947, 1082185]"
1960.0,"[1029743, 1106523, 1044078, 844179, 916122]"
1962.0,"[1022254, 899624, 1029743, 916122, 844179]"
1966.0,"[1004906, 1029743, 1106523, 899624, 1098248]"
1969.0,"[1106523, 1029743, 1029743, 1029743, 1029743]"
1971.0,"[1029743, 1029743, 1082185, 979707, 5569230]"
1975.0,"[986912, 933835, 1126899, 834117, 913210]"
1976.0,"[1075368, 1106523, 1029743, 1037840, 849202]"
1979.0,"[1082185, 1029743, 1106523, 5569230, 866211]"
1980.0,"[852856, 1022097, 912704, 1029743, 5569230]"
1982.0,"[857503, 1082185, 1082185, 1082185, 1082185]"
1985.0,"[1029743, 1106523, 1106523, 1106523, 1106523]"
1988.0,"[1106523, 1106523, 1106523, 1106523, 1106523]"
1989.0,"[1082185, 1082185, 1082185, 1082185, 1082185]"
1990.0,"[1029743, 1029743, 1029743, 1029743, 1029743]"
1995.0,"[916122, 916122, 1082185, 1106523, 1106523]"
1997.0,"[1022254, 1126899, 916122, 1029743, 1127831]"
1998.0,"[1106523, 1106523, 1106523, 1029743, 1070820]"
2002.0,"[916122, 1082185, 1029743, 1106523, 1044078]"
2004.0,"[5568378, 5568378, 5568378, 1040807, 1040807]"
2006.0,"[1029743, 916122, 1106523, 1056509, 1082185]"
2007.0,"[1029743, 1082185, 1082185, 1082185, 1082185]"
2008.0,"[1029743, 1106523, 1126899, 866211, 1070820]"
2012.0,"[1106523, 1106523, 1106523, 1106523, 1106523]"
2015.0,"[844179, 940947, 940947, 1044078, 1070820]"
2017.0,"[916122, 1029743, 857503, 1106523, 951412]"
2018.0,"[866211, 986912, 1082185, 1082185, 1082185]"
2019.0,"[1044078, 1044078, 986912, 899624, 899624]"
2020.0,"[986912, 986912, 986912, 1022254, 916122]"
2022.0,"[1029743, 1029743, 1082185, 1082185, 1098844]"
2023.0,"[1014948, 1029743, 5569471, 5569230, 5569374]"
2033.0,"[1082185, 1029743, 866211, 916122, 878996]"
2034.0,"[1029743, 916122, 866211, 1106523, 1082185]"
2036.0,"[1126899, 1126899, 1126899, 1126899, 1126899]"
2041.0,"[899624, 1006184, 995965, 1022254, 999858]"
2053.0,"[1029743, 1029743, 1029743, 1029743, 1029743]"
2055.0,"[957951, 1029743, 916122, 1070820, 1106523]"
2058.0,"[916122, 872137, 872137, 1022254, 1022254]"
2060.0,"[986912, 986912, 1029743, 5569230, 1106523]"
2063.0,"[986912, 866211, 1127831, 1127831, 916122]"
2064.0,"[951412, 1075368, 957951, 1137688, 916122]"
2070.0,"[899624, 916122, 986912, 1022254, 1029743]"
2071.0,"[1068719, 1106523, 1029743, 1044078, 844179]"
2076.0,"[1082185, 1137688, 951412, 985999, 835098]"
2077.0,"[1106523, 1106523, 1106523, 1106523, 1029743]"
2079.0,"[1068719, 1106523, 8090537, 1044078, 5585510]"
2080.0,"[1029743, 916122, 8090537, 844179, 1044078]"
2082.0,"[916122, 1029743, 1106523, 844179, 1044078]"
2083.0,"[1029743, 1004906, 872137, 940947, 1068719]"
2084.0,"[1098248, 1068719, 1029743, 1126899, 916122]"
2085.0,"[933835, 1029743, 854852, 1087102, 1101010]"
2086.0,"[866211, 866211, 1029743, 1029743, 1029743]"
2087.0,"[1029743, 1029743, 948670, 1056509, 1082185]"
2088.0,"[1044078, 1029743, 1029743, 1029743, 1029743]"
2095.0,"[986912, 986912, 1106523, 1029743, 1044078]"
2100.0,"[1082185, 1082185, 1044078, 1106523, 844179]"
2102.0,"[1029743, 844179, 872137, 872137, 940947]"
2107.0,"[1022254, 916122, 1029743, 1127831, 866211]"
2108.0,"[1082185, 1029743, 1106523, 5569230, 1044078]"
2109.0,"[999270, 1044078, 844179, 8065410, 1106523]"
2110.0,"[866211, 1081177, 854852, 1106523, 1106523]"
2112.0,"[854852, 1029743, 1029743, 6034857, 1106523]"
2113.0,"[1029743, 8090521, 5569230, 916122, 8090537]"
2114.0,"[986912, 986912, 986912, 986912, 866211]"
2115.0,"[916122, 866211, 1127831, 940947, 1029743]"
2116.0,"[1098844, 1029743, 872137, 1068719, 1082185]"
2117.0,"[1082185, 1029743, 1106523, 1044078, 844179]"
2119.0,"[1029743, 1029743, 1029743, 1106523, 1082185]"
2120.0,"[916122, 854852, 919766, 1029743, 1106523]"
2121.0,"[1029743, 5569471, 916122, 854852, 6034857]"
2122.0,"[1082185, 1029743, 1106523, 916122, 1044078]"
2123.0,"[1029743, 1106523, 983584, 940947, 1076199]"
2124.0,"[1029743, 1106523, 1106523, 1106523, 901062]"
2125.0,"[1029743, 1029743, 1106523, 872137, 1068719]"
2126.0,"[1082185, 1126711, 1126711, 854852, 930118]"
2127.0,"[1082185, 1029743, 1106523, 916122, 1126899]"
2129.0,"[1029743, 1029743, 1029743, 1029743, 1029743]"
2130.0,"[1106523, 1029743, 899624, 899624, 899624]"
2131.0,"[986912, 854852, 1029743, 899624, 844179]"
2132.0,"[1082185, 1029743, 1106523, 916122, 866211]"
2133.0,"[1029743, 1126899, 1126899, 1126899, 1126899]"
2134.0,"[1082185, 1082185, 1098844, 1098844, 1098844]"
2136.0,"[1082185, 1029743, 1126899, 916122, 1106523]"
2137.0,"[1082185, 1029743, 1044078, 1106523, 844179]"
2140.0,"[1029743, 866211, 1127831, 1127831, 1127831]"
2141.0,"[1029743, 933835, 1070820, 983584, 971922]"
2142.0,"[940947, 1110244, 885697, 919534, 8090537]"
2144.0,"[1082185, 1029743, 1106523, 916122, 1044078]"
2147.0,"[916122, 1106523, 1106523, 1106523, 1029743]"
2148.0,"[948670, 948670, 844179, 1044078, 1106523]"
2149.0,"[1029743, 1082185, 1082185, 1106523, 5569230]"
2153.0,"[986912, 1082185, 1029743, 1106523, 1044078]"
2154.0,"[1082185, 1098248, 878996, 965267, 1029743]"
2156.0,"[1029743, 5568378, 965889, 965889, 965889]"
2158.0,"[852856, 1029743, 916122, 844179, 1044078]"
2161.0,"[1029743, 1106523, 1126899, 916122, 844179]"
2162.0,"[1075368, 983584, 1029743, 838186, 1037840]"
2168.0,"[1044078, 1044078, 940947, 874972, 8090537]"
2170.0,"[1013928, 1013928, 1013928, 1013928, 1013928]"
2171.0,"[1029743, 986912, 1106523, 999104, 885290]"
2172.0,"[1029743, 1029743, 1029743, 1029743, 1106523]"
2173.0,"[866211, 1029743, 1044078, 916122, 844179]"
2181.0,"[1029743, 1106523, 1004906, 899624, 971922]"
2183.0,"[1098248, 1082185, 878996, 965267, 1029743]"
2186.0,"[1029743, 1004906, 1106523, 1106523, 1106523]"
2188.0,"[986912, 1106523, 1106523, 1106523, 1029743]"
2190.0,"[1029743, 916122, 933835, 1106523, 871756]"
2194.0,"[1029743, 1051211, 1082185, 1082185, 1082185]"
2196.0,"[1082185, 1082185, 1082185, 1082185, 1029743]"
2198.0,"[986912, 1029743, 1013928, 1106523, 863762]"
2200.0,"[916122, 916122, 1029743, 1106523, 919534]"
2207.0,"[916122, 916122, 1022254, 910673, 1044078]"
2209.0,"[1024306, 1029743, 1070820, 866211, 1126899]"
2211.0,"[1082185, 1082185, 1082185, 1022254, 1029743]"
2215.0,"[1082185, 1082185, 979707, 1106523, 878996]"
2217.0,"[866211, 1112238, 916122, 1029743, 878996]"
2221.0,"[1098248, 1098248, 1126899, 1029743, 916122]"
2226.0,"[1082185, 1070820, 1029743, 878996, 866211]"
2229.0,"[1029743, 1106523, 995965, 916122, 1070820]"
2231.0,"[1127831, 1082185, 1024306, 1137688, 1126899]"
2233.0,"[6034857, 854852, 909714, 909714, 909714]"
2234.0,"[976199, 872137, 1022254, 1022254, 940947]"
2235.0,"[916122, 1106523, 1029743, 844179, 1044078]"
2237.0,"[916122, 916122, 1029743, 1126899, 899624]"
2238.0,"[1068719, 1029743, 986912, 1044078, 844179]"
2240.0,"[1106523, 1106523, 1106523, 1106523, 1106523]"
2242.0,"[1082185, 1082185, 1029743, 5569230, 1106523]"
2244.0,"[1082185, 1106523, 1044078, 5585510, 1029743]"
2245.0,"[899624, 1122358, 1022254, 1098248, 1098248]"
2247.0,"[1022254, 1022254, 1044078, 1106523, 1029743]"
2252.0,"[1029743, 1029743, 1029743, 1029743, 1029743]"
2261.0,"[1075368, 1106523, 1106523, 1106523, 1106523]"
2262.0,"[1082185, 1082185, 1082185, 1082185, 1029743]"
2263.0,"[986912, 1004906, 878996, 916122, 1044078]"
2264.0,"[866211, 1127831, 1126899, 1126899, 1126899]"
2266.0,"[866211, 1029743, 1106523, 1098844, 1082185]"
2269.0,"[916122, 916122, 866211, 1044078, 844179]"
2272.0,"[872137, 1068719, 1022254, 1029743, 916122]"
2274.0,"[1040807, 1132771, 1013928, 1075368, 1082185]"
2275.0,"[1068719, 1029743, 916122, 844179, 1044078]"
2276.0,"[1029743, 1126899, 916122, 866211, 1106523]"
2280.0,"[933835, 940947, 940947, 1106523, 1106523]"
2281.0,"[1029743, 6034857, 6034857, 6034857, 854852]"
2282.0,"[1137688, 1029743, 1106523, 878996, 866211]"
2284.0,"[916122, 916122, 1127831, 1046756, 1046756]"
2285.0,"[940947, 1126899, 1029743, 5569471, 916122]"
2287.0,"[1082185, 1082185, 1029743, 1126899, 916122]"
2288.0,"[1082185, 1029743, 1126899, 916122, 1044078]"
2289.0,"[986912, 1029743, 5569230, 844179, 1044078]"
2292.0,"[1029743, 1106523, 1044078, 916122, 844179]"
2294.0,"[1082185, 899624, 839419, 5585510, 983584]"
2296.0,"[940947, 1068719, 1068719, 1068719, 856252]"
2297.0,"[1082185, 1029743, 1106523, 878996, 1044078]"
2300.0,"[1029743, 1029743, 1029743, 990797, 1126899]"
2305.0,"[1029743, 1029743, 1029743, 916122, 1070820]"
2307.0,"[1087102, 933835, 883003, 883003, 1138443]"
2309.0,"[1068719, 1029743, 1106523, 5569230, 1044078]"
2310.0,"[916122, 1029743, 1106523, 1044078, 1025611]"
2312.0,"[854852, 6034857, 6034857, 6034857, 872137]"
2314.0,"[916122, 1022254, 1098844, 979707, 6034857]"
2317.0,"[1106523, 1029743, 1029743, 1029743, 1132771]"
2321.0,"[986912, 1029743, 1106523, 916122, 5569230]"
2322.0,"[986912, 951412, 1098844, 866211, 866211]"
2326.0,"[919534, 1029743, 1106523, 1044078, 844179]"
2328.0,"[916122, 916122, 1106523, 1106523, 1106523]"
2334.0,"[1029743, 1029743, 1029743, 1029743, 1029743]"
2335.0,"[1082185, 1029743, 1106523, 1044078, 5569230]"
2336.0,"[1056509, 1029743, 1106523, 1044078, 5569230]"
2337.0,"[866211, 1082185, 1082185, 854852, 863447]"
2342.0,"[1029743, 1029743, 1029743, 1106523, 1068719]"
2343.0,"[1029743, 1029743, 916122, 916122, 1106523]"
2345.0,"[1106523, 1106523, 1106523, 1029743, 1044078]"
2347.0,"[1082185, 1082185, 1029743, 5569230, 5569471]"
2351.0,"[976199, 976199, 951412, 1004906, 1004906]"
2353.0,"[1082185, 1029743, 1106523, 5569230, 916122]"
2354.0,"[866211, 916122, 1126899, 1127831, 6034857]"
2358.0,"[979707, 844179, 1044078, 986912, 1070702]"
2360.0,"[1004906, 1004906, 1029743, 1029743, 1029743]"
2361.0,"[916122, 1029743, 1082212, 1126899, 902172]"
2364.0,"[1029743, 869835, 1016800, 917033, 1126899]"
2366.0,"[1029743, 8090521, 916122, 5569230, 844179]"
2369.0,"[1029743, 1029743, 1029743, 1029743, 916122]"
2370.0,"[986912, 844179, 1044078, 916122, 1029743]"
2374.0,"[1029743, 899624, 986912, 872137, 948670]"
2375.0,"[916122, 1029743, 1106523, 1044078, 844179]"
2376.0,"[866211, 1029743, 844179, 916122, 1044078]"
2377.0,"[986912, 986912, 1029743, 1044078, 844179]"
2378.0,"[1029743, 1029743, 1029743, 1029743, 916122]"
2380.0,"[1029743, 1029743, 1029743, 1029743, 1106523]"
2386.0,"[1082185, 1029743, 1106523, 916122, 1070820]"
2400.0,"[1106523, 1106523, 1029743, 1122358, 1068719]"
2401.0,"[854852, 6034857, 1082185, 1082185, 1029743]"
2406.0,"[1029743, 866211, 1106523, 1082185, 1126899]"
2407.0,"[1029743, 1029743, 1029743, 1106523, 1070820]"
2408.0,"[1004906, 1029743, 916122, 5569230, 844179]"
2412.0,"[1106523, 1106523, 1029743, 957951, 916122]"
2418.0,"[1029743, 1029743, 1029743, 1029743, 1029743]"
2420.0,"[1068719, 1068719, 1068719, 12731544, 1044078]"
2421.0,"[933835, 933835, 866211, 1106523, 1029743]"
2424.0,"[1098248, 866211, 1127831, 878996, 1029743]"
2427.0,"[916122, 986912, 872137, 5569471, 999858]"
2430.0,"[1082185, 1082185, 1082185, 1082185, 1082185]"
2431.0,"[1082185, 1106523, 1029743, 1044078, 986912]"
2432.0,"[986912, 986912, 986912, 1029743, 844179]"
2435.0,"[1022254, 1029743, 878996, 965267, 866211]"
2437.0,"[1029743, 1082185, 5569230, 5569845, 5569471]"
2438.0,"[919766, 919766, 919766, 1029743, 1106523]"
2441.0,"[1029743, 1029743, 1106523, 1070820, 916122]"
2446.0,"[1044259, 1044259, 1044259, 1029743, 916122]"
2447.0,"[1127831, 1022254, 1075368, 916122, 940947]"
2448.0,"[854852, 899624, 1004906, 1004906, 1106523]"
2449.0,"[1070820, 901062, 901062, 1106523, 1029743]"
2450.0,"[1029743, 1082185, 1126899, 878996, 1127831]"
2451.0,"[866211, 872137, 872137, 1029743, 1022254]"
2453.0,"[1029743, 1106523, 1082185, 1082185, 1082185]"
2455.0,"[1029743, 1029743, 1029743, 1106523, 1068719]"
2457.0,"[1068719, 1029743, 933835, 883003, 1137775]"
2458.0,"[1082185, 1029743, 5569230, 8090521, 916122]"
2459.0,"[1106523, 1004906, 899624, 899624, 1070820]"
2462.0,"[6034857, 6034857, 6034857, 857503, 854852]"
2465.0,"[986912, 1029743, 1044078, 844179, 993638]"
2467.0,"[1029743, 1127831, 1127831, 1127831, 8090537]"
2475.0,"[1029743, 1082185, 1082185, 1126899, 5569471]"
2479.0,"[1127831, 1127831, 1127831, 1127831, 1127831]"
2481.0,"[1029743, 1029743, 1029743, 1029743, 1106523]"
2483.0,"[1029743, 1106523, 866211, 1105488, 1082185]"
2484.0,"[1029743, 1029743, 1029743, 1029743, 1106523]"
2488.0,"[1075368, 1070820, 916122, 834117, 5568729]"
2492.0,"[933835, 883003, 883003, 883003, 1087102]"
2494.0,"[1082185, 1029743, 5569471, 866211, 1126899]"
2496.0,"[916122, 916122, 1044078, 844179, 874972]"
2497.0,"[1029743, 1106523, 871756, 1051516, 5569230]"
2498.0,"[1029743, 1106523, 1106523, 1070820, 916122]"
2499.0,"[1068719, 1029743, 1106523, 5569230, 8090521]"
2500.0,"[1029743, 1082185, 1082185, 5569471, 1126899]"
